m,n,k,kernelId,kernelParam1,kernelParam2,kernelParam3
4608,16,3584,1,2,1,2
4608,32,3584,1,1,1,1
4608,48,3584,1,1,1,1
4608,64,3584,1,1,1,1
4608,80,3584,1,2,2,1
4608,96,3584,1,2,2,1
4608,112,3584,1,2,2,1
4608,128,3584,1,2,2,1
4608,144,3584,1,2,2,1
4608,160,3584,1,2,2,1
4608,176,3584,1,2,2,1
4608,192,3584,1,2,2,1
4608,208,3584,1,2,2,1
4608,224,3584,1,2,2,1
4608,240,3584,1,1,2,1
4608,256,3584,1,1,2,1
3584,16,3584,1,2,1,3
3584,32,3584,1,1,1,3
3584,48,3584,1,1,1,1
3584,64,3584,1,1,1,1
3584,80,3584,1,2,3,1
3584,96,3584,1,2,2,1
3584,112,3584,1,2,3,1
3584,128,3584,1,2,3,1
3584,144,3584,1,2,3,1
3584,160,3584,1,2,3,1
3584,176,3584,1,2,3,1
3584,192,3584,1,2,3,1
3584,208,3584,1,2,3,1
3584,224,3584,1,2,3,1
3584,240,3584,1,2,3,1
3584,256,3584,1,2,3,1
37888,16,3584,1,1,1,1
37888,32,3584,1,2,1,1
37888,48,3584,1,2,1,1
37888,64,3584,1,2,1,1
37888,80,3584,1,2,1,1
37888,96,3584,1,2,1,1
37888,112,3584,1,2,1,1
37888,128,3584,1,2,1,1
37888,144,3584,1,2,1,1
37888,160,3584,1,2,1,1
37888,176,3584,1,2,1,1
37888,192,3584,1,2,1,1
37888,208,3584,1,2,1,1
37888,224,3584,1,2,2,1
37888,240,3584,1,2,2,1
37888,256,3584,1,2,2,1
3584,16,18944,1,2,1,3
3584,32,18944,1,2,1,3
3584,48,18944,1,2,1,3
3584,64,18944,1,2,1,3
3584,80,18944,1,2,1,3
3584,96,18944,1,2,1,3
3584,112,18944,1,2,1,3
3584,128,18944,1,1,1,3
3584,144,18944,1,2,3,1
3584,160,18944,1,2,2,3
3584,176,18944,1,2,3,1
3584,192,18944,1,2,3,1
3584,208,18944,1,2,2,3
3584,224,18944,1,2,2,3
3584,240,18944,1,2,2,3
3584,256,18944,1,2,2,3
3072,16,1536,1,1,1,1
3072,32,1536,1,1,1,1
3072,48,1536,1,1,1,1
3072,64,1536,1,1,1,1
7168,16,2048,1,2,1,1
7168,32,2048,1,2,1,1
7168,48,2048,1,2,1,1
7168,64,2048,1,2,1,1
4608,16,7168,1,2,1,2
4608,32,7168,1,2,1,2
4608,48,7168,1,2,1,2
4608,64,7168,1,2,1,2
7168,16,2304,1,2,1,1
7168,32,2304,1,2,1,1
7168,48,2304,1,2,1,1
7168,64,2304,1,2,1,1
3072,16,1536,1,2,1,1
3072,32,1536,1,1,1,1
3072,48,1536,1,1,1,1
3072,64,1536,1,2,2,1
3072,80,1536,1,2,4,1
3072,96,1536,1,1,2,1
3072,112,1536,1,1,2,1
3072,128,1536,1,1,2,1
7168,16,256,1,2,1,1
7168,32,256,1,2,1,1
7168,48,256,1,2,1,1
7168,64,256,1,2,1,1
7168,80,256,1,2,1,1
7168,96,256,1,1,2,1
7168,112,256,1,1,2,1
7168,128,256,1,1,2,1
7168,16,2048,1,2,1,1
7168,32,2048,1,2,1,1
7168,48,2048,1,2,1,1
7168,64,2048,1,2,1,1
7168,80,2048,1,2,1,1
7168,96,2048,1,2,1,1
7168,112,2048,1,2,1,1
7168,128,2048,1,1,2,1
7168,16,2304,1,2,1,1
7168,32,2304,1,2,1,1
7168,48,2304,1,2,1,1
7168,64,2304,1,2,1,1
7168,80,2304,1,2,1,1
7168,96,2304,1,2,1,1
7168,112,2304,1,2,1,1
7168,128,2304,1,1,2,1
3072,16,1536,1,1,1,1
3072,32,1536,1,1,2,1
3072,48,1536,1,1,3,1
3072,64,1536,1,1,2,1
3072,80,1536,1,1,3,1
3072,96,1536,1,1,3,1
3072,112,1536,1,2,4,1
3072,128,1536,1,2,4,1
3072,144,1536,1,2,3,1
3072,160,1536,1,2,3,1
3072,176,1536,1,2,4,1
3072,192,1536,1,2,3,1
3072,208,1536,1,2,4,1
3072,224,1536,1,2,4,1
3072,240,1536,1,2,4,1
3072,256,1536,1,2,4,1
7168,16,2048,1,2,1,1
7168,32,2048,1,2,1,1
7168,48,2048,1,1,1,1
7168,64,2048,1,1,1,1
7168,80,2048,1,2,1,1
7168,96,2048,1,2,2,1
7168,112,2048,1,2,1,1
7168,128,2048,1,2,3,1
7168,144,2048,1,2,3,1
7168,160,2048,1,2,3,1
7168,176,2048,1,2,3,1
7168,192,2048,1,2,3,1
7168,208,2048,1,2,3,1
7168,224,2048,1,2,3,1
7168,240,2048,1,2,3,1
7168,256,2048,1,2,3,1
7168,16,2304,1,2,1,1
7168,32,2304,1,2,1,1
7168,48,2304,1,1,1,1
7168,64,2304,1,1,1,1
7168,80,2304,1,2,1,1
7168,96,2304,1,2,2,1
7168,112,2304,1,2,1,1
7168,128,2304,1,2,1,1
7168,144,2304,1,2,3,1
7168,160,2304,1,2,3,1
7168,176,2304,1,2,3,1
7168,192,2304,1,2,3,1
7168,208,2304,1,2,3,1
7168,224,2304,1,2,3,1
7168,240,2304,1,2,3,1
7168,256,2304,1,2,3,1
7168,16,256,1,2,2,1
7168,32,256,1,1,1,1
7168,48,256,1,2,3,1
7168,64,256,1,2,1,1
7168,80,256,1,1,1,1
7168,96,256,1,2,3,1
7168,112,256,1,2,3,1
7168,128,256,1,2,3,1
7168,144,256,1,2,3,1
7168,160,256,1,2,3,1
7168,176,256,1,2,3,1
7168,192,256,1,2,3,1
7168,208,256,1,2,3,1
7168,224,256,1,2,3,1
7168,240,256,1,2,3,1
7168,256,256,1,2,3,1
896,16,5120,1,1,1,4
896,32,5120,1,1,1,4
896,48,5120,1,1,1,4
896,64,5120,1,1,1,4
896,80,5120,1,2,2,4
896,96,5120,1,2,2,4
896,112,5120,1,2,3,4
896,128,5120,1,2,3,4
896,144,5120,1,2,3,4
896,160,5120,1,1,3,4
896,176,5120,1,2,3,4
896,192,5120,1,2,3,4
896,208,5120,1,2,4,3
896,224,5120,1,2,4,3
896,240,5120,1,2,4,3
896,256,5120,1,2,4,3
5120,16,640,2,64,16,128
5120,32,640,2,64,32,128
5120,48,640,2,64,48,128
5120,64,640,2,64,64,128
5120,80,640,2,64,64,128
5120,96,640,2,128,48,128
5120,112,640,2,64,64,128
5120,128,640,2,64,64,128
5120,144,640,2,128,80,128
5120,160,640,2,128,80,128
5120,176,640,2,128,96,128
5120,192,640,2,128,96,128
5120,208,640,2,128,112,128
5120,224,640,2,128,112,128
5120,240,640,2,128,128,128
5120,256,640,2,128,128,128
6912,16,5120,2,128,16,128
6912,32,5120,2,128,32,128
6912,48,5120,1,2,1,1
6912,64,5120,2,64,64,128
6912,80,5120,1,2,1,1
6912,96,5120,1,2,1,1
6912,112,5120,1,2,1,1
6912,128,5120,1,1,1,1
6912,144,5120,2,64,48,128
6912,160,5120,2,64,64,128
6912,176,5120,2,64,64,128
6912,192,5120,2,64,64,128
6912,208,5120,1,2,2,1
6912,224,5120,1,2,2,1
6912,240,5120,1,2,3,1
6912,256,5120,1,2,3,1
5120,16,3456,2,64,16,128
5120,32,3456,2,64,32,128
5120,48,3456,2,64,48,128
5120,64,3456,2,64,64,128
5120,80,3456,2,64,80,128
5120,96,3456,2,64,64,128
5120,112,3456,2,64,64,128
5120,128,3456,2,64,64,128
5120,144,3456,1,2,2,1
5120,160,3456,1,2,2,1
5120,176,3456,1,2,2,1
5120,192,3456,1,2,2,1
5120,208,3456,1,2,2,1
5120,224,3456,1,2,2,1
5120,240,3456,1,1,2,1
5120,256,3456,1,1,2,1
8192,16,5120,2,128,16,128
8192,32,5120,2,128,32,128
8192,48,5120,1,2,1,1
8192,64,5120,1,2,1,1
8192,80,5120,1,2,1,1
8192,96,5120,1,2,1,1
8192,112,5120,1,2,1,1
8192,128,5120,1,1,1,1
8192,144,5120,1,2,3,1
8192,160,5120,1,2,3,1
8192,176,5120,2,64,64,128
8192,192,5120,2,64,64,128
8192,208,5120,1,2,3,1
8192,224,5120,1,2,3,1
8192,240,5120,1,2,3,1
8192,256,5120,1,2,3,1
1024,16,5120,1,1,1,4
1024,32,5120,1,1,1,4
1024,48,5120,1,1,1,4
1024,64,5120,1,2,2,4
1024,80,5120,1,1,2,3
1024,96,5120,1,1,2,3
1024,112,5120,1,1,2,3
1024,128,5120,1,1,2,3
1024,144,5120,1,2,3,4
1024,160,5120,1,1,2,3
1024,176,5120,1,2,4,3
1024,192,5120,2,64,32,128
1024,208,5120,1,2,4,3
1024,224,5120,1,1,4,3
1024,240,5120,1,1,3,2
1024,256,5120,1,2,4,3
5120,16,8192,1,2,1,2
5120,32,8192,1,2,1,2
5120,48,8192,1,2,1,2
5120,64,8192,1,2,1,2
5120,80,8192,1,2,1,2
5120,96,8192,1,2,2,1
5120,112,8192,1,2,2,1
5120,128,8192,1,2,2,1
5120,144,8192,1,2,2,1
5120,160,8192,1,2,2,1
5120,176,8192,1,2,2,1
5120,192,8192,1,2,2,1
5120,208,8192,1,2,2,1
5120,224,8192,1,2,2,1
5120,240,8192,1,1,2,1
5120,256,8192,1,1,2,1
25600,16,5120,2,128,16,128
25600,32,5120,2,64,32,128
25600,48,5120,1,2,1,1
25600,64,5120,1,2,1,1
25600,80,5120,1,2,1,1
25600,96,5120,1,2,1,1
25600,112,5120,1,2,1,1
25600,128,5120,1,2,1,1
25600,144,5120,1,2,1,1
25600,160,5120,1,2,1,1
25600,176,5120,1,2,1,1
25600,192,5120,1,2,1,1
25600,208,5120,1,2,2,1
25600,224,5120,1,2,2,1
25600,240,5120,1,2,2,1
25600,256,5120,1,2,2,1
5120,16,25600,1,2,1,2
5120,32,25600,1,2,1,2
5120,48,25600,1,2,1,2
5120,64,25600,1,2,1,2
5120,80,25600,1,2,1,2
5120,96,25600,1,2,1,2
5120,112,25600,1,2,1,4
5120,128,25600,1,1,1,2
5120,144,25600,1,2,1,2
5120,160,25600,1,2,2,1
5120,176,25600,1,2,1,2
5120,192,25600,1,2,1,2
5120,208,25600,1,2,2,2
5120,224,25600,1,2,2,2
5120,240,25600,1,2,2,2
5120,256,25600,1,2,2,2
10240,16,5120,2,128,16,128
10240,32,5120,2,128,32,128
10240,48,5120,2,128,48,128
10240,64,5120,1,2,1,1
10240,80,5120,1,2,1,1
10240,96,5120,1,2,1,1
10240,112,5120,1,1,1,1
10240,128,5120,1,1,1,1
10240,144,5120,1,2,1,1
10240,160,5120,1,2,1,1
10240,176,5120,1,2,1,1
10240,192,5120,1,2,1,1
10240,208,5120,1,2,2,1
10240,224,5120,1,2,2,1
10240,240,5120,1,2,2,1
10240,256,5120,1,2,2,1
51200,16,5120,2,128,16,128
51200,32,5120,1,2,1,1
51200,48,5120,1,2,1,1
51200,64,5120,1,2,1,1
51200,80,5120,1,2,1,1
51200,96,5120,1,2,1,1
51200,112,5120,1,2,1,1
51200,128,5120,1,2,1,1
51200,144,5120,1,2,1,1
51200,160,5120,1,2,1,1
51200,176,5120,1,2,1,1
51200,192,5120,1,2,1,1
51200,208,5120,1,2,1,1
51200,224,5120,1,2,2,1
51200,240,5120,1,2,2,1
51200,256,5120,1,2,2,1
4096,16,8192,1,2,1,2
4096,32,8192,1,2,1,2
4096,48,8192,1,2,1,2
4096,64,8192,1,1,1,3
4096,80,8192,1,2,1,3
4096,96,8192,1,2,1,3
4096,112,8192,1,1,1,3
4096,128,8192,1,1,1,3
4096,144,8192,1,2,3,1
4096,160,8192,1,2,3,1
4096,176,8192,1,2,3,1
4096,192,8192,1,2,3,1
4096,208,8192,1,2,2,3
4096,224,8192,1,2,3,1
4096,240,8192,1,2,3,1
4096,256,8192,1,2,3,1
512,16,8192,1,1,1,4
512,32,8192,1,1,2,4
512,48,8192,1,1,3,4
512,64,8192,1,1,2,4
512,80,8192,1,1,3,4
512,96,8192,1,1,3,4
512,112,8192,1,1,3,4
512,128,8192,1,1,3,4
512,144,8192,1,1,3,4
512,160,8192,1,1,3,4
512,176,8192,1,1,3,4
512,192,8192,1,1,3,4
512,208,8192,1,1,4,3
512,224,8192,1,1,4,3
512,240,8192,1,1,3,4
512,256,8192,1,1,4,3
8192,16,4096,2,128,16,128
8192,32,4096,1,2,1,1
8192,48,4096,1,2,1,1
8192,64,4096,1,2,1,1
8192,80,4096,1,2,1,1
8192,96,4096,1,2,1,1
8192,112,4096,1,2,1,1
8192,128,4096,1,1,1,1
8192,144,4096,1,2,3,1
8192,160,4096,1,2,3,1
8192,176,4096,1,2,3,1
8192,192,4096,1,2,3,1
8192,208,4096,1,2,3,1
8192,224,4096,1,2,3,1
8192,240,4096,1,2,3,1
8192,256,4096,1,2,3,1
14336,16,8192,1,1,1,4
14336,32,8192,1,1,1,3
14336,48,8192,1,1,1,2
14336,64,8192,1,1,1,1
14336,80,8192,1,1,1,1
14336,96,8192,1,1,1,3
14336,112,8192,1,2,1,1
14336,128,8192,1,1,1,1
14336,144,8192,1,1,2,1
14336,160,8192,1,1,2,1
14336,176,8192,1,1,2,1
14336,192,8192,1,1,2,1
14336,208,8192,1,1,2,1
14336,224,8192,1,1,2,1
14336,240,8192,1,1,2,1
14336,256,8192,1,1,2,1
8192,16,14336,2,128,16,128
8192,32,14336,1,2,1,1
8192,48,14336,1,2,1,1
8192,64,14336,1,2,1,1
8192,80,14336,1,2,1,3
8192,96,14336,1,2,1,3
8192,112,14336,1,2,1,3
8192,128,14336,1,2,1,3
8192,144,14336,1,2,1,3
8192,160,14336,1,2,1,3
8192,176,14336,1,2,1,3
8192,192,14336,1,2,1,3
8192,208,14336,1,2,2,3
8192,224,14336,1,2,2,1
8192,240,14336,1,2,3,1
8192,256,14336,1,2,2,3
5120,16,8192,1,2,1,2
5120,32,8192,1,2,1,2
5120,48,8192,1,2,1,2
5120,64,8192,1,2,1,2
5120,80,8192,1,2,1,2
5120,96,8192,1,2,2,1
5120,112,8192,1,2,2,1
5120,128,8192,1,2,2,1
5120,144,8192,1,2,2,1
5120,160,8192,1,2,2,1
5120,176,8192,1,2,2,1
5120,192,8192,1,2,2,1
5120,208,8192,1,2,2,1
5120,224,8192,1,2,2,1
5120,240,8192,1,1,2,1
5120,256,8192,1,1,2,1
28672,16,8192,2,64,16,128
28672,32,8192,1,1,1,1
28672,48,8192,1,1,1,1
28672,64,8192,1,1,1,1
28672,80,8192,1,1,1,1
28672,96,8192,1,1,1,1
28672,112,8192,1,1,1,1
28672,128,8192,1,1,1,1
28672,144,8192,1,2,1,1
28672,160,8192,1,2,1,1
28672,176,8192,1,2,1,1
28672,192,8192,1,2,2,1
28672,208,8192,1,2,2,1
28672,224,8192,1,2,2,1
28672,240,8192,1,2,2,1
28672,256,8192,1,2,2,1
1024,16,5120,1,1,1,4
1024,32,5120,1,1,1,4
1024,48,5120,1,2,3,4
1024,64,5120,1,1,2,3
1024,80,5120,1,2,3,4
1024,96,5120,1,1,2,3
1024,112,5120,1,1,2,3
1024,128,5120,1,2,4,3
1024,144,5120,1,2,3,4
1024,160,5120,1,2,4,3
1024,176,5120,1,2,4,3
1024,192,5120,1,2,4,3
1024,208,5120,1,2,4,3
1024,224,5120,1,2,4,3
1024,240,5120,1,2,4,3
1024,256,5120,1,2,4,3
128,16,5120,1,1,1,4
128,32,5120,1,1,1,4
128,48,5120,1,1,3,4
128,64,5120,1,1,4,4
128,80,5120,1,1,3,4
128,96,5120,1,1,2,4
128,112,5120,1,1,3,4
128,128,5120,1,1,4,4
128,144,5120,1,1,4,4
128,160,5120,1,1,4,4
128,176,5120,1,1,3,4
128,192,5120,1,1,3,4
128,208,5120,1,1,4,4
128,224,5120,1,1,4,4
128,240,5120,1,1,4,4
128,256,5120,1,1,4,4
5120,16,1024,2,64,32,128
5120,32,1024,2,128,16,128
5120,48,1024,2,64,48,128
5120,64,1024,2,64,32,128
5120,80,1024,2,64,48,128
5120,96,1024,2,64,64,128
5120,112,1024,2,64,64,128
5120,128,1024,2,64,64,128
5120,144,1024,1,2,2,1
5120,160,1024,1,2,2,1
5120,176,1024,1,2,4,1
5120,192,1024,1,2,2,1
5120,208,1024,1,2,2,1
5120,224,1024,1,2,2,1
5120,240,1024,1,1,2,1
5120,256,1024,1,1,2,1
3200,16,5120,1,2,1,3
3200,32,5120,1,2,1,3
3200,48,5120,1,2,1,3
3200,64,5120,1,2,1,3
3200,80,5120,1,2,2,2
3200,96,5120,1,2,2,2
3200,112,5120,1,2,2,2
3200,128,5120,1,2,2,2
3200,144,5120,1,2,3,1
3200,160,5120,1,2,2,2
3200,176,5120,1,2,4,1
3200,192,5120,1,2,4,1
3200,208,5120,1,2,4,1
3200,224,5120,1,2,4,1
3200,240,5120,1,2,4,1
3200,256,5120,1,2,4,1
5120,16,3200,2,64,16,128
5120,32,3200,2,128,16,128
5120,48,3200,2,64,48,128
5120,64,3200,1,1,1,1
5120,80,3200,1,2,2,1
5120,96,3200,1,2,2,1
5120,112,3200,1,2,2,1
5120,128,3200,1,2,2,1
5120,144,3200,1,2,2,1
5120,160,3200,1,2,2,1
5120,176,3200,1,2,2,1
5120,192,3200,1,2,2,1
5120,208,3200,1,2,2,1
5120,224,3200,1,2,2,1
5120,240,3200,1,1,2,1
5120,256,3200,1,1,2,1
1280,16,5120,1,1,1,4
1280,32,5120,1,1,1,4
1280,48,5120,1,1,1,4
1280,64,5120,1,2,2,4
1280,80,5120,2,64,16,128
1280,96,5120,1,1,2,2
1280,112,5120,1,2,3,3
1280,128,5120,1,1,4,1
1280,144,5120,1,2,3,2
1280,160,5120,2,64,32,128
1280,176,5120,1,2,3,3
1280,192,5120,1,2,3,3
1280,208,5120,2,64,48,128
1280,224,5120,2,64,48,128
1280,240,5120,2,64,48,128
1280,256,5120,1,2,4,2
6400,16,5120,2,64,16,128
6400,32,5120,2,64,32,128
6400,48,5120,2,64,48,128
6400,64,5120,1,2,2,1
6400,80,5120,1,2,2,1
6400,96,5120,1,2,2,1
6400,112,5120,1,2,2,1
6400,128,5120,1,2,2,1
6400,144,5120,1,2,2,1
6400,160,5120,1,2,2,1
6400,176,5120,1,2,2,1
6400,192,5120,1,2,2,1
6400,208,5120,1,2,2,1
6400,224,5120,1,2,2,1
6400,240,5120,1,1,2,1
6400,256,5120,1,1,2,1
